Abatement Cost ($/ton CO2e),2010,2011,2012,2013,2014,2015,2016,2017,2018,2019,2020,2021,2022,2023,2024,2025,2026,2027,2028,2029,2030,2031,2032,2033,2034,2035,2036,2037,2038,2039,2040,2041,2042,2043,2044,2045,2046,2047,2048,2049,2050
-50,2.21052E+11,2.44092E+11,2.67133E+11,2.90174E+11,3.13215E+11,3.36256E+11,3.59296E+11,3.82337E+11,4.05378E+11,4.28419E+11,4.5146E+11,4.8012E+11,5.08781E+11,5.37442E+11,5.66103E+11,5.94763E+11,6.23424E+11,6.52085E+11,6.80746E+11,7.09407E+11,7.38067E+11,7.47032E+11,7.55997E+11,7.64961E+11,7.73926E+11,7.82891E+11,7.91855E+11,8.0082E+11,8.09785E+11,8.18749E+11,8.27714E+11,8.36679E+11,8.45643E+11,8.54608E+11,8.63573E+11,8.72538E+11,8.81502E+11,8.90467E+11,8.99432E+11,9.08396E+11,9.17361E+11
-49,0,0,0,0,0,0,0,0,0,0,0,0,0,0,0,0,0,0,0,0,0,0,0,0,0,0,0,0,0,0,0,0,0,0,0,0,0,0,0,0,0
-48,0,0,0,0,0,0,0,0,0,0,0,0,0,0,0,0,0,0,0,0,0,0,0,0,0,0,0,0,0,0,0,0,0,0,0,0,0,0,0,0,0
-47,0,0,0,0,0,0,0,0,0,0,0,0,0,0,0,0,0,0,0,0,0,0,0,0,0,0,0,0,0,0,0,0,0,0,0,0,0,0,0,0,0
-46,0,0,0,0,0,0,0,0,0,0,0,0,0,0,0,0,0,0,0,0,0,0,0,0,0,0,0,0,0,0,0,0,0,0,0,0,0,0,0,0,0
-45,0,0,0,0,0,0,0,0,0,0,0,0,0,0,0,0,0,0,0,0,0,0,0,0,0,0,0,0,0,0,0,0,0,0,0,0,0,0,0,0,0
-44,0,0,0,0,0,0,0,0,0,0,0,0,0,0,0,0,0,0,0,0,0,0,0,0,0,0,0,0,0,0,0,0,0,0,0,0,0,0,0,0,0
-43,0,0,0,0,0,0,0,0,0,0,0,2.66369E+12,5.32739E+12,7.99108E+12,1.06548E+13,1.33185E+13,1.59822E+13,1.86459E+13,2.13096E+13,2.39732E+13,2.66369E+13,2.69605E+13,2.7284E+13,2.76076E+13,2.79311E+13,2.82546E+13,2.85782E+13,2.89017E+13,2.92252E+13,2.95488E+13,2.98723E+13,3.01958E+13,3.05194E+13,3.08429E+13,3.11664E+13,3.149E+13,3.18135E+13,3.21371E+13,3.24606E+13,3.27841E+13,3.31077E+13
-42,0,0,0,0,0,0,0,0,0,0,0,0,0,0,0,0,0,0,0,0,0,0,0,0,0,0,0,0,0,0,0,0,0,0,0,0,0,0,0,0,0
-41,0,0,0,0,0,0,0,0,0,0,0,0,0,0,0,0,0,0,0,0,0,0,0,0,0,0,0,0,0,0,0,0,0,0,0,0,0,0,0,0,0
-40,0,1.62932E+12,3.25865E+12,4.88797E+12,6.51729E+12,8.14661E+12,9.77594E+12,1.14053E+13,1.30346E+13,1.46639E+13,1.62932E+13,1.46639E+13,1.30346E+13,1.14053E+13,9.77594E+12,8.14661E+12,6.51729E+12,4.88797E+12,3.25865E+12,1.62932E+12,0,0,0,0,0,0,0,0,0,0,0,0,0,0,0,0,0,0,0,0,0
-39,0,0,0,0,0,0,0,0,0,0,0,0,0,0,0,0,0,0,0,0,0,0,0,0,0,0,0,0,0,0,0,0,0,0,0,0,0,0,0,0,0
-38,0,0,0,0,0,0,0,0,0,0,0,0,0,0,0,0,0,0,0,0,0,0,0,0,0,0,0,0,0,0,0,0,0,0,0,0,0,0,0,0,0
-37,0,0,0,0,0,0,0,0,0,0,0,0,0,0,0,0,0,0,0,0,0,0,0,0,0,0,0,0,0,0,0,0,0,0,0,0,0,0,0,0,0
-36,7.97778E+12,7.18E+12,6.38222E+12,5.58445E+12,4.78667E+12,3.98889E+12,3.19111E+12,2.39333E+12,1.59556E+12,7.97778E+11,0,0,0,0,0,0,0,0,0,0,0,0,0,0,0,0,0,0,0,0,0,0,0,0,0,0,0,0,0,0,0
-35,0,0,0,0,0,0,0,0,0,0,0,0,0,0,0,0,0,0,0,0,0,0,0,0,0,0,0,0,0,0,0,0,0,0,0,0,0,0,0,0,0
-34,0,0,0,0,0,0,0,0,0,0,0,0,0,0,0,0,0,0,0,0,0,0,0,0,0,0,0,0,0,0,0,0,0,0,0,0,0,0,0,0,0
-33,0,0,0,0,0,0,0,0,0,0,0,0,0,0,0,0,0,0,0,0,0,0,0,0,0,0,0,0,0,0,0,0,0,0,0,0,0,0,0,0,0
-32,0,0,0,0,0,0,0,0,0,0,0,0,0,0,0,0,0,0,0,0,0,0,0,0,0,0,0,0,0,0,0,0,0,0,0,0,0,0,0,0,0
-31,0,0,0,0,0,0,0,0,0,0,0,0,0,0,0,0,0,0,0,0,0,0,0,0,0,0,0,0,0,0,0,0,0,0,0,0,0,0,0,0,0
-30,0,0,0,0,0,0,0,0,0,0,0,0,0,0,0,0,0,0,0,0,0,0,0,0,0,0,0,0,0,0,0,0,0,0,0,0,0,0,0,0,0
-29,0,0,0,0,0,0,0,0,0,0,0,0,0,0,0,0,0,0,0,0,0,0,0,0,0,0,0,0,0,0,0,0,0,0,0,0,0,0,0,0,0
-28,0,0,0,0,0,0,0,0,0,0,0,0,0,0,0,0,0,0,0,0,0,0,0,0,0,0,0,0,0,0,0,0,0,0,0,0,0,0,0,0,0
-27,0,0,0,0,0,0,0,0,0,0,0,0,0,0,0,0,0,0,0,0,0,0,0,0,0,0,0,0,0,0,0,0,0,0,0,0,0,0,0,0,0
-26,0,0,0,0,0,0,0,0,0,0,0,0,0,0,0,0,0,0,0,0,0,0,0,0,0,0,0,0,0,0,0,0,0,0,0,0,0,0,0,0,0
-25,0,0,0,0,0,0,0,0,0,0,0,0,0,0,0,0,0,0,0,0,0,0,0,0,0,0,0,0,0,0,0,0,0,0,0,0,0,0,0,0,0
-24,0,0,0,0,0,0,0,0,0,0,0,0,0,0,0,0,0,0,0,0,0,0,0,0,0,0,0,0,0,0,0,0,0,0,0,0,0,0,0,0,0
-23,0,0,0,0,0,0,0,0,0,0,0,0,0,0,0,0,0,0,0,0,0,0,0,0,0,0,0,0,0,0,0,0,0,0,0,0,0,0,0,0,0
-22,0,0,0,0,0,0,0,0,0,0,0,0,0,0,0,0,0,0,0,0,0,0,0,0,0,0,0,0,0,0,0,0,0,0,0,0,0,0,0,0,0
-21,0,0,0,0,0,0,0,0,0,0,0,0,0,0,0,0,0,0,0,0,0,0,0,0,0,0,0,0,0,0,0,0,0,0,0,0,0,0,0,0,0
-20,0,0,0,0,0,0,0,0,0,0,0,0,0,0,0,0,0,0,0,0,0,0,0,0,0,0,0,0,0,0,0,0,0,0,0,0,0,0,0,0,0
-19,0,0,0,0,0,0,0,0,0,0,0,0,0,0,0,0,0,0,0,0,0,0,0,0,0,0,0,0,0,0,0,0,0,0,0,0,0,0,0,0,0
-18,0,0,0,0,0,0,0,0,0,0,0,0,0,0,0,0,0,0,0,0,0,0,0,0,0,0,0,0,0,0,0,0,0,0,0,0,0,0,0,0,0
-17,0,0,0,0,0,0,0,0,0,0,0,0,0,0,0,0,0,0,0,0,0,0,0,0,0,0,0,0,0,0,0,0,0,0,0,0,0,0,0,0,0
-16,0,0,0,0,0,0,0,0,0,0,0,0,0,0,0,0,0,0,0,0,0,0,0,0,0,0,0,0,0,0,0,0,0,0,0,0,0,0,0,0,0
-15,0,0,0,0,0,0,0,0,0,0,0,3.6706E+11,7.34119E+11,1.10118E+12,1.46824E+12,1.8353E+12,2.20236E+12,2.56942E+12,2.93648E+12,3.30354E+12,3.6706E+12,3.71518E+12,3.75976E+12,3.80435E+12,3.84893E+12,3.89351E+12,3.9381E+12,3.98268E+12,4.02726E+12,4.07185E+12,4.11643E+12,4.16101E+12,4.2056E+12,4.25018E+12,4.29477E+12,4.33935E+12,4.38393E+12,4.42852E+12,4.4731E+12,4.51768E+12,4.56227E+12
-14,0,0,0,0,0,0,0,0,0,0,0,3.86662E+11,7.73323E+11,1.15998E+12,1.54665E+12,1.93331E+12,2.31997E+12,2.70663E+12,3.09329E+12,3.47995E+12,3.86662E+12,3.91358E+12,3.96054E+12,4.00751E+12,4.05447E+12,4.10144E+12,4.1484E+12,4.19537E+12,4.24233E+12,4.2893E+12,4.33626E+12,4.38322E+12,4.43019E+12,4.47715E+12,4.52412E+12,4.57108E+12,4.61805E+12,4.66501E+12,4.71198E+12,4.75894E+12,4.8059E+12
-13,0,0,0,0,0,0,0,0,0,0,0,2.31306E+11,4.62613E+11,6.93919E+11,9.25226E+11,1.15653E+12,1.38784E+12,1.61914E+12,1.85045E+12,2.08176E+12,2.31306E+12,2.34116E+12,2.36925E+12,2.39735E+12,2.42544E+12,2.45354E+12,2.48163E+12,2.50973E+12,2.53782E+12,2.56592E+12,2.59401E+12,2.62211E+12,2.6502E+12,2.6783E+12,2.70639E+12,2.73449E+12,2.76258E+12,2.79068E+12,2.81877E+12,2.84687E+12,2.87496E+12
-12,0,2.80349E+11,5.60699E+11,8.41048E+11,1.1214E+12,1.40175E+12,1.6821E+12,1.96245E+12,2.24279E+12,2.52314E+12,2.80349E+12,3.01596E+12,3.22843E+12,3.4409E+12,3.65337E+12,3.86584E+12,4.07831E+12,4.29078E+12,4.50324E+12,4.71571E+12,4.92818E+12,4.98804E+12,5.0479E+12,5.10776E+12,5.16762E+12,5.22747E+12,5.28733E+12,5.34719E+12,5.40705E+12,5.46691E+12,5.52677E+12,5.58662E+12,5.64648E+12,5.70634E+12,5.7662E+12,5.82606E+12,5.88592E+12,5.94577E+12,6.00563E+12,6.06549E+12,6.12535E+12
-11,0,1.82052E+11,3.64104E+11,5.46156E+11,7.28208E+11,9.1026E+11,1.09231E+12,1.27436E+12,1.45642E+12,1.63847E+12,1.82052E+12,1.84424E+12,1.86796E+12,1.89168E+12,1.9154E+12,1.93912E+12,1.96284E+12,1.98656E+12,2.01028E+12,2.034E+12,2.05772E+12,2.08271E+12,2.1077E+12,2.1327E+12,2.15769E+12,2.18268E+12,2.20768E+12,2.23267E+12,2.25766E+12,2.28266E+12,2.30765E+12,2.33264E+12,2.35764E+12,2.38263E+12,2.40762E+12,2.43262E+12,2.45761E+12,2.4826E+12,2.5076E+12,2.53259E+12,2.55758E+12
-10,0,3.99377E+11,7.98754E+11,1.19813E+12,1.59751E+12,1.99688E+12,2.39626E+12,2.79564E+12,3.19502E+12,3.59439E+12,3.99377E+12,3.59439E+12,3.19502E+12,2.79564E+12,2.39626E+12,1.99688E+12,1.59751E+12,1.19813E+12,7.98754E+11,3.99377E+11,0,0,0,0,0,0,0,0,0,0,0,0,0,0,0,0,0,0,0,0,0
-9,0,0,0,0,0,0,0,0,0,0,0,0,0,0,0,0,0,0,0,0,0,0,0,0,0,0,0,0,0,0,0,0,0,0,0,0,0,0,0,0,0
-8,1.31202E+12,1.23456E+12,1.1571E+12,1.07964E+12,1.00217E+12,9.24714E+11,8.47254E+11,7.69794E+11,6.92334E+11,6.14873E+11,5.37413E+11,5.59819E+11,5.82225E+11,6.04631E+11,6.27037E+11,6.49443E+11,6.71849E+11,6.94255E+11,7.16661E+11,7.39067E+11,7.61473E+11,7.70722E+11,7.79971E+11,7.8922E+11,7.98469E+11,8.07718E+11,8.16967E+11,8.26216E+11,8.35465E+11,8.44714E+11,8.53963E+11,8.63212E+11,8.72461E+11,8.8171E+11,8.90959E+11,9.00208E+11,9.09457E+11,9.18706E+11,9.27955E+11,9.37204E+11,9.46453E+11
-7,9.52076E+11,8.5771E+11,7.63344E+11,6.68978E+11,5.74613E+11,4.80247E+11,3.85881E+11,2.91515E+11,1.9715E+11,1.02784E+11,8418125731,1.15165E+11,2.21912E+11,3.28659E+11,4.35407E+11,5.42154E+11,6.48901E+11,7.55648E+11,8.62395E+11,9.69142E+11,1.07589E+12,1.08896E+12,1.10202E+12,1.11509E+12,1.12816E+12,1.14123E+12,1.1543E+12,1.16736E+12,1.18043E+12,1.1935E+12,1.20657E+12,1.21964E+12,1.2327E+12,1.24577E+12,1.25884E+12,1.27191E+12,1.28498E+12,1.29804E+12,1.31111E+12,1.32418E+12,1.33725E+12
-6,0,0,0,0,0,0,0,0,0,0,0,0,0,0,0,0,0,0,0,0,0,0,0,0,0,0,0,0,0,0,0,0,0,0,0,0,0,0,0,0,0
-5,1.10295E+12,1.07786E+12,1.05276E+12,1.02767E+12,1.00257E+12,9.77479E+11,9.52384E+11,9.27289E+11,9.02194E+11,8.77099E+11,8.52004E+11,7.69913E+11,6.87822E+11,6.05732E+11,5.23641E+11,4.4155E+11,3.5946E+11,2.77369E+11,1.95278E+11,1.13188E+11,31097046329,31474755321,31852464313,32230173304,32607882296,32985591288,33363300280,33741009271,34118718263,34496427255,34874136246,35251845238,35629554230,36007263222,36384972213,36762681205,37140390197,37518099188,37895808180,38273517172,38651226164
-4,4.65042E+11,4.56499E+11,4.47956E+11,4.39413E+11,4.30871E+11,4.22328E+11,4.13785E+11,4.05242E+11,3.96699E+11,3.88156E+11,3.79613E+11,2.06894E+12,3.75827E+12,5.4476E+12,7.13692E+12,8.82625E+12,1.05156E+13,1.22049E+13,1.38942E+13,1.55836E+13,1.72729E+13,1.74827E+13,1.76925E+13,1.79023E+13,1.81121E+13,1.83219E+13,1.85317E+13,1.87415E+13,1.89513E+13,1.91611E+13,1.93709E+13,1.95807E+13,1.97905E+13,2.00003E+13,2.02101E+13,2.04199E+13,2.06297E+13,2.08395E+13,2.10493E+13,2.12591E+13,2.14689E+13
-3,0,0,0,0,0,0,0,0,0,0,0,0,0,0,0,0,0,0,0,0,0,0,0,0,0,0,0,0,0,0,0,0,0,0,0,0,0,0,0,0,0
-2,0,0,0,0,0,0,0,0,0,0,0,0,0,0,0,0,0,0,0,0,0,0,0,0,0,0,0,0,0,0,0,0,0,0,0,0,0,0,0,0,0
-1,0,0,0,0,0,0,0,0,0,0,0,0,0,0,0,0,0,0,0,0,0,0,0,0,0,0,0,0,0,0,0,0,0,0,0,0,0,0,0,0,0
0,3.22229E+11,2.90006E+11,2.57783E+11,2.25561E+11,1.93338E+11,1.61115E+11,1.28892E+11,96668808100,64445872067,32222936033,0,0,0,0,0,0,0,0,0,0,0,0,0,0,0,0,0,0,0,0,0,0,0,0,0,0,0,0,0,0,0
1,1.04067E+12,1.07551E+12,1.11035E+12,1.14519E+12,1.18002E+12,1.21486E+12,1.2497E+12,1.28454E+12,1.31938E+12,1.35421E+12,1.38905E+12,1.66671E+12,1.94437E+12,2.22202E+12,2.49968E+12,2.77734E+12,3.055E+12,3.33265E+12,3.61031E+12,3.88797E+12,4.16563E+12,4.21622E+12,4.26682E+12,4.31741E+12,4.36801E+12,4.41861E+12,4.4692E+12,4.5198E+12,4.5704E+12,4.62099E+12,4.67159E+12,4.72218E+12,4.77278E+12,4.82338E+12,4.87397E+12,4.92457E+12,4.97517E+12,5.02576E+12,5.07636E+12,5.12695E+12,5.17755E+12
2,9313582270,14607066507,19900550745,25194034982,30487519220,35781003458,41074487695,46367971933,51661456170,56954940408,62248424645,56023582181,49798739716,43573897252,37349054787,31124212323,24899369858,18674527394,12449684929,6224842465,0,0,0,0,0,0,0,0,0,0,0,0,0,0,0,0,0,0,0,0,0
3,5.17324E+12,4.65592E+12,4.13859E+12,3.62127E+12,3.10394E+12,2.58662E+12,2.0693E+12,1.55197E+12,1.03465E+12,5.17324E+11,0,41290640624,82581281248,1.23872E+11,1.65163E+11,2.06453E+11,2.47744E+11,2.89034E+11,3.30325E+11,3.71616E+11,4.12906E+11,4.17922E+11,4.22937E+11,4.27952E+11,4.32967E+11,4.37982E+11,4.42998E+11,4.48013E+11,4.53028E+11,4.58043E+11,4.63059E+11,4.68074E+11,4.73089E+11,4.78104E+11,4.83119E+11,4.88135E+11,4.9315E+11,4.98165E+11,5.0318E+11,5.08196E+11,5.13211E+11
4,0,1.15897E+11,2.31794E+11,3.47691E+11,4.63588E+11,5.79485E+11,6.95382E+11,8.11279E+11,9.27176E+11,1.04307E+12,1.15897E+12,1.04603E+12,9.33084E+11,8.20141E+11,7.07198E+11,5.94256E+11,4.81313E+11,3.6837E+11,2.55427E+11,1.42485E+11,29541992949,29900814049,30259635149,30618456249,30977277349,31336098449,31694919549,32053740649,32412561749,32771382849,33130203949,33489025048,33847846148,34206667248,34565488348,34924309448,35283130548,35641951648,36000772748,36359593848,36718414948
5,0,0,0,0,0,0,0,0,0,0,0,2.28869E+11,4.57739E+11,6.86608E+11,9.15477E+11,1.14435E+12,1.37322E+12,1.60209E+12,1.83095E+12,2.05982E+12,2.28869E+12,2.31649E+12,2.34429E+12,2.37209E+12,2.39989E+12,2.42769E+12,2.45549E+12,2.48328E+12,2.51108E+12,2.53888E+12,2.56668E+12,2.59448E+12,2.62228E+12,2.65008E+12,2.67788E+12,2.70567E+12,2.73347E+12,2.76127E+12,2.78907E+12,2.81687E+12,2.84467E+12
6,30479176090,52687828897,74896481704,97105134510,1.19314E+11,1.41522E+11,1.63731E+11,1.8594E+11,2.08148E+11,2.30357E+11,2.52566E+11,2.27806E+11,2.03046E+11,1.78286E+11,1.53525E+11,1.28765E+11,1.04005E+11,79245237449,54485170776,29725104103,4965037430,5025343456,5085649482,5145955508,5206261534,5266567560,5326873585,5387179611,5447485637,5507791663,5568097689,5628403715,5688709741,5749015767,5809321793,5869627819,5929933844,5990239870,6050545896,6110851922,6171157948
7,0,0,0,0,0,0,0,0,0,0,0,0,0,0,0,0,0,0,0,0,0,0,0,0,0,0,0,0,0,0,0,0,0,0,0,0,0,0,0,0,0
8,5.67475E+11,6.50659E+11,7.33843E+11,8.17027E+11,9.00211E+11,9.83395E+11,1.06658E+12,1.14976E+12,1.23295E+12,1.31613E+12,1.39932E+12,1.26023E+12,1.12114E+12,9.82058E+11,8.42972E+11,7.03887E+11,5.64801E+11,4.25715E+11,2.86629E+11,1.47543E+11,8457442623,8560167882,8662893140,8765618399,8868343657,8971068916,9073794175,9176519433,9279244692,9381969950,9484695209,9587420468,9690145726,9792870985,9895596243,9998321502,10101046760,10203772019,10306497278,10409222536,10511947795
9,0,0,0,0,0,0,0,0,0,0,0,0,0,0,0,0,0,0,0,0,0,0,0,0,0,0,0,0,0,0,0,0,0,0,0,0,0,0,0,0,0
10,1.23666E+11,1.11305E+11,98944641303,86584115460,74223589616,61863063773,49502537929,37142012086,24781486242,12420960399,60434555.31,1527288714,2994142872,4460997030,5927851189,7394705347,8861559505,10328413664,11795267822,13262121981,14728976139,14907876304,15086776469,15265676635,15444576800,15623476965,15802377130,15981277296,16160177461,16339077626,16517977791,16696877956,16875778122,17054678287,17233578452,17412478617,17591378783,17770278948,17949179113,18128079278,18306979443
11,8847842938,8474338223,8100833509,7727328794,7353824079,6980319365,6606814650,6233309936,5859805221,5486300507,5112795792,4605850129,4098904465,3591958801,3085013138,2578067474,2071121810,1564176146,1057230483,550284819.1,43339155.39,43865558.72,44391962.04,44918365.37,45444768.7,45971172.03,46497575.36,47023978.68,47550382.01,48076785.34,48603188.67,49129592,49655995.33,50182398.65,50708801.98,51235205.31,51761608.64,52288011.97,52814415.29,53340818.62,53867221.95
12,0,0,0,0,0,0,0,0,0,0,0,0,0,0,0,0,0,0,0,0,0,0,0,0,0,0,0,0,0,0,0,0,0,0,0,0,0,0,0,0,0
13,3.31183E+11,3.65402E+11,3.99621E+11,4.3384E+11,4.68059E+11,5.02277E+11,5.36496E+11,5.70715E+11,6.04934E+11,6.39153E+11,6.73372E+11,7.1612E+11,7.58868E+11,8.01616E+11,8.44364E+11,8.87111E+11,9.29859E+11,9.72607E+11,1.01535E+12,1.0581E+12,1.10085E+12,1.11422E+12,1.12759E+12,1.14096E+12,1.15433E+12,1.16771E+12,1.18108E+12,1.19445E+12,1.20782E+12,1.22119E+12,1.23456E+12,1.24793E+12,1.2613E+12,1.27467E+12,1.28805E+12,1.30142E+12,1.31479E+12,1.32816E+12,1.34153E+12,1.3549E+12,1.36827E+12
14,0,0,0,0,0,0,0,0,0,0,0,1539474.72,3078949.44,4618424.16,6157898.88,7697373.6,9236848.32,10776323.04,12315797.76,13855272.48,15394747.2,15581733.91,15768720.62,15955707.34,16142694.05,16329680.76,16516667.47,16703654.18,16890640.89,17077627.61,17264614.32,17451601.03,17638587.74,17825574.45,18012561.17,18199547.88,18386534.59,18573521.3,18760508.01,18947494.73,19134481.44
15,0,0,0,0,0,0,0,0,0,0,0,0,0,0,0,0,0,0,0,0,0,0,0,0,0,0,0,0,0,0,0,0,0,0,0,0,0,0,0,0,0
16,0,0,0,0,0,0,0,0,0,0,0,0,0,0,0,0,0,0,0,0,0,0,0,0,0,0,0,0,0,0,0,0,0,0,0,0,0,0,0,0,0
17,4411336355,3972469863,3533603370,3094736877,2655870384,2217003891,1778137398,1339270905,900404412.4,461537919.6,22671426.68,23890195.56,25108964.44,26327733.32,27546502.2,28765271.07,29984039.95,31202808.83,32421577.71,33640346.59,34859115.47,35282519.07,35705922.67,36129326.27,36552729.87,36976133.47,37399537.07,37822940.67,38246344.27,38669747.87,39093151.47,39516555.07,39939958.67,40363362.27,40786765.87,41210169.47,41633573.07,42056976.67,42480380.26,42903783.86,43327187.46
18,12980100.59,11682090.53,10384080.47,9086070.41,7788060.351,6490050.293,5192040.234,3894030.176,2596020.117,1298010.059,0,0,0,0,0,0,0,0,0,0,0,0,0,0,0,0,0,0,0,0,0,0,0,0,0,0,0,0,0,0,0
19,36167229676,39935047128,43702864581,47470682033,51238499485,55006316938,58774134390,62541951842,66309769294,70077586747,73845404199,83264373179,92683342159,1.02102E+11,1.11521E+11,1.2094E+11,1.30359E+11,1.39778E+11,1.49197E+11,1.58616E+11,1.68035E+11,1.70076E+11,1.72117E+11,1.74158E+11,1.76199E+11,1.7824E+11,1.80281E+11,1.82322E+11,1.84363E+11,1.86404E+11,1.88445E+11,1.90486E+11,1.92527E+11,1.94568E+11,1.96609E+11,1.9865E+11,2.00691E+11,2.02732E+11,2.04773E+11,2.06814E+11,2.08855E+11
20,0,2132254.892,4264509.783,6396764.675,8529019.567,10661274.46,12793529.35,14925784.24,17058039.13,19190294.02,21322548.92,19190294.02,17058039.13,14925784.24,12793529.35,10661274.46,8529019.567,6396764.675,4264509.783,2132254.892,0,0,0,0,0,0,0,0,0,0,0,0,0,0,0,0,0,0,0,0,0
21,11100785.44,9990706.899,8880628.354,7770549.81,6660471.266,5550392.721,4440314.177,3330235.633,2220157.089,1110078.544,0,60124659610,1.20249E+11,1.80374E+11,2.40499E+11,3.00623E+11,3.60748E+11,4.20873E+11,4.80997E+11,5.41122E+11,6.01247E+11,6.08549E+11,6.15852E+11,6.23155E+11,6.30458E+11,6.37761E+11,6.45064E+11,6.52366E+11,6.59669E+11,6.66972E+11,6.74275E+11,6.81578E+11,6.8888E+11,6.96183E+11,7.03486E+11,7.10789E+11,7.18092E+11,7.25395E+11,7.32697E+11,7.4E+11,7.47303E+11
22,0,2893794137,5787588274,8681382411,11575176548,14468970684,17362764821,20256558958,23150353095,26044147232,28937941369,26050768406,23163595442,20276422479,17389249516,14502076552,11614903589,8727730626,5840557662,2953384699,66211735.51,67015952.33,67820169.16,68624385.98,69428602.81,70232819.63,71037036.45,71841253.28,72645470.1,73449686.93,74253903.75,75058120.58,75862337.4,76666554.23,77470771.05,78274987.88,79079204.7,79883421.53,80687638.35,81491855.18,82296072
23,0,0,0,0,0,0,0,0,0,0,0,0,0,0,0,0,0,0,0,0,0,0,0,0,0,0,0,0,0,0,0,0,0,0,0,0,0,0,0,0,0
24,10440324.02,36790369034,73570297744,1.1035E+11,1.4713E+11,1.8391E+11,2.2069E+11,2.5747E+11,2.9425E+11,3.3103E+11,3.6781E+11,3.44016E+11,3.20223E+11,2.9643E+11,2.72636E+11,2.48843E+11,2.2505E+11,2.01256E+11,1.77463E+11,1.5367E+11,1.29876E+11,1.31454E+11,1.33031E+11,1.34609E+11,1.36186E+11,1.37764E+11,1.39341E+11,1.40919E+11,1.42496E+11,1.44074E+11,1.45651E+11,1.47229E+11,1.48806E+11,1.50384E+11,1.51961E+11,1.53539E+11,1.55116E+11,1.56694E+11,1.58271E+11,1.59849E+11,1.61426E+11
25,0,0,0,0,0,0,0,0,0,0,0,0,0,0,0,0,0,0,0,0,0,0,0,0,0,0,0,0,0,0,0,0,0,0,0,0,0,0,0,0,0
26,0,0,0,0,0,0,0,0,0,0,0,0,0,0,0,0,0,0,0,0,0,0,0,0,0,0,0,0,0,0,0,0,0,0,0,0,0,0,0,0,0
27,0,7944236390,15888472780,23832709171,31776945561,39721181951,47665418341,55609654731,63553891122,71498127512,79442363902,71528497269,63614630637,55700764004,47786897372,39873030739,31959164106,24045297474,16131430841,8217564208,303697575.7,307386328.1,311075080.5,314763833,318452585.4,322141337.8,325830090.2,329518842.7,333207595.1,336896347.5,340585099.9,344273852.4,347962604.8,351651357.2,355340109.6,359028862.1,362717614.5,366406366.9,370095119.4,373783871.8,377472624.2
28,0,0,0,0,0,0,0,0,0,0,0,0,0,0,0,0,0,0,0,0,0,0,0,0,0,0,0,0,0,0,0,0,0,0,0,0,0,0,0,0,0
29,19830450.75,36423913.79,53017376.83,69610839.87,86204302.9,102797765.9,119391229,135984692,152578155.1,169171618.1,185765081.1,167188573,148612064.9,130035556.8,111459048.7,92882540.56,74306032.45,55729524.34,37153016.23,18576508.11,0,0,0,0,0,0,0,0,0,0,0,0,0,0,0,0,0,0,0,0,0
30,0,0,0,0,0,0,0,0,0,0,0,0,0,0,0,0,0,0,0,0,0,0,0,0,0,0,0,0,0,0,0,0,0,0,0,0,0,0,0,0,0
31,0,0,0,0,0,0,0,0,0,0,0,0,0,0,0,0,0,0,0,0,0,0,0,0,0,0,0,0,0,0,0,0,0,0,0,0,0,0,0,0,0
32,0,0,0,0,0,0,0,0,0,0,0,0,0,0,0,0,0,0,0,0,0,0,0,0,0,0,0,0,0,0,0,0,0,0,0,0,0,0,0,0,0
33,0,0,0,0,0,0,0,0,0,0,0,0,0,0,0,0,0,0,0,0,0,0,0,0,0,0,0,0,0,0,0,0,0,0,0,0,0,0,0,0,0
34,90957588.91,10177743262,20264528935,30351314608,40438100281,50524885955,60611671628,70698457301,80785242974,90872028647,1.00959E+11,90862932888,80767051456,70671170024,60575288592,50479407160,40383525728,30287644296,20191762864,10095881432,0,0,0,0,0,0,0,0,0,0,0,0,0,0,0,0,0,0,0,0,0
35,0,0,0,0,0,0,0,0,0,0,0,0,0,0,0,0,0,0,0,0,0,0,0,0,0,0,0,0,0,0,0,0,0,0,0,0,0,0,0,0,0
36,0,0,0,0,0,0,0,0,0,0,0,878381.7769,1756763.554,2635145.331,3513527.108,4391908.885,5270290.662,6148672.438,7027054.215,7905435.992,8783817.769,8890507.225,8997196.681,9103886.137,9210575.593,9317265.049,9423954.505,9530643.961,9637333.416,9744022.872,9850712.328,9957401.784,10064091.24,10170780.7,10277470.15,10384159.61,10490849.06,10597538.52,10704227.98,10810917.43,10917606.89
37,0,0,0,0,0,0,0,0,0,0,0,0,0,0,0,0,0,0,0,0,0,0,0,0,0,0,0,0,0,0,0,0,0,0,0,0,0,0,0,0,0
38,49433242641,44489918377,39546594112,34603269848,29659945584,24716621320,19773297056,14829972792,9886648528,4943324264,0,0,0,0,0,0,0,0,0,0,0,0,0,0,0,0,0,0,0,0,0,0,0,0,0,0,0,0,0,0,0
39,0,537286.6796,1074573.359,1611860.039,2149146.718,2686433.398,3223720.078,3761006.757,4298293.437,4835580.116,5372866.796,6888213.076,8403559.357,9918905.637,11434251.92,12949598.2,14464944.48,15980290.76,17495637.04,19010983.32,20526329.6,20775645.22,21024960.83,21274276.45,21523592.06,21772907.68,22022223.29,22271538.91,22520854.53,22770170.14,23019485.76,23268801.37,23518116.99,23767432.61,24016748.22,24266063.84,24515379.45,24764695.07,25014010.68,25263326.3,25512641.92
40,0,0,0,0,0,0,0,0,0,0,0,0,0,0,0,0,0,0,0,0,0,0,0,0,0,0,0,0,0,0,0,0,0,0,0,0,0,0,0,0,0
41,0,0,0,0,0,0,0,0,0,0,0,0,0,0,0,0,0,0,0,0,0,0,0,0,0,0,0,0,0,0,0,0,0,0,0,0,0,0,0,0,0
42,0,1255550.122,2511100.245,3766650.367,5022200.489,6277750.612,7533300.734,8788850.856,10044400.98,11299951.1,12555501.22,11299951.1,10044400.98,8788850.856,7533300.734,6277750.612,5022200.489,3766650.367,2511100.245,1255550.122,0,0,0,0,0,0,0,0,0,0,0,0,0,0,0,0,0,0,0,0,0
43,2630758.196,2367682.377,2104606.557,1841530.737,1578454.918,1315379.098,1052303.278,789227.4589,526151.6392,263075.8196,0,0,0,0,0,0,0,0,0,0,0,0,0,0,0,0,0,0,0,0,0,0,0,0,0,0,0,0,0,0,0
44,301719634,333168666.7,364617699.3,396066732,427515764.7,458964797.4,490413830,521862862.7,553311895.4,584760928,616209960.7,81919233596,1.63222E+11,2.44525E+11,3.25828E+11,4.07131E+11,4.88434E+11,5.69737E+11,6.5104E+11,7.32343E+11,8.13646E+11,8.23529E+11,8.33412E+11,8.43294E+11,8.53177E+11,8.6306E+11,8.72942E+11,8.82825E+11,8.92708E+11,9.0259E+11,9.12473E+11,9.22356E+11,9.32238E+11,9.42121E+11,9.52004E+11,9.61886E+11,9.71769E+11,9.81652E+11,9.91534E+11,1.00142E+12,1.0113E+12
45,0,0,0,0,0,0,0,0,0,0,0,65760319127,1.31521E+11,1.97281E+11,2.63041E+11,3.28802E+11,3.94562E+11,4.60322E+11,5.26083E+11,5.91843E+11,6.57603E+11,6.65591E+11,6.73578E+11,6.81565E+11,6.89553E+11,6.9754E+11,7.05527E+11,7.13515E+11,7.21502E+11,7.29489E+11,7.37477E+11,7.45464E+11,7.53451E+11,7.61439E+11,7.69426E+11,7.77413E+11,7.85401E+11,7.93388E+11,8.01375E+11,8.09363E+11,8.1735E+11
46,6147646.864,49712863044,99419578442,1.49126E+11,1.98833E+11,2.4854E+11,2.98246E+11,3.47953E+11,3.9766E+11,4.47367E+11,4.97073E+11,5.32508E+11,5.67942E+11,6.03377E+11,6.38811E+11,6.74246E+11,7.0968E+11,7.45115E+11,7.80549E+11,8.15984E+11,8.51418E+11,8.6176E+11,8.72101E+11,8.82443E+11,8.92784E+11,9.03126E+11,9.13467E+11,9.23809E+11,9.3415E+11,9.44491E+11,9.54833E+11,9.65174E+11,9.75516E+11,9.85857E+11,9.96199E+11,1.00654E+12,1.01688E+12,1.02722E+12,1.03756E+12,1.04791E+12,1.05825E+12
47,0,458834.7116,917669.4231,1376504.135,1835338.846,2294173.558,2753008.269,3211842.981,3670677.693,4129512.404,4588347.116,5155828.884,5723310.652,6290792.421,6858274.189,7425755.958,7993237.726,8560719.494,9128201.263,9695683.031,10263164.8,10387822.61,10512480.42,10637138.22,10761796.03,10886453.84,11011111.65,11135769.46,11260427.26,11385085.07,11509742.88,11634400.69,11759058.49,11883716.3,12008374.11,12133031.92,12257689.73,12382347.53,12507005.34,12631663.15,12756320.96
48,0,40223671997,80447343995,1.20671E+11,1.60895E+11,2.01118E+11,2.41342E+11,2.81566E+11,3.21789E+11,3.62013E+11,4.02237E+11,3.62013E+11,3.21789E+11,2.81566E+11,2.41342E+11,2.01118E+11,1.60895E+11,1.20671E+11,80447343995,40223671997,0,0,0,0,0,0,0,0,0,0,0,0,0,0,0,0,0,0,0,0,0
49,0,52079383019,1.04159E+11,1.56238E+11,2.08318E+11,2.60397E+11,3.12476E+11,3.64556E+11,4.16635E+11,4.68714E+11,5.20794E+11,4.68714E+11,4.16635E+11,3.64556E+11,3.12476E+11,2.60397E+11,2.08318E+11,1.56238E+11,1.04159E+11,52079383019,0,0,0,0,0,0,0,0,0,0,0,0,0,0,0,0,0,0,0,0,0
50,0,627775.0609,1255550.122,1883325.183,2511100.243,3138875.304,3766650.365,4394425.426,5022200.487,5649975.548,6277750.609,36149726491,72293175231,1.08437E+11,1.4458E+11,1.80724E+11,2.16867E+11,2.5301E+11,2.89154E+11,3.25297E+11,3.61441E+11,3.65831E+11,3.70221E+11,3.74611E+11,3.79001E+11,3.83391E+11,3.87781E+11,3.92172E+11,3.96562E+11,4.00952E+11,4.05342E+11,4.09732E+11,4.14122E+11,4.18512E+11,4.22902E+11,4.27292E+11,4.31683E+11,4.36073E+11,4.40463E+11,4.44853E+11,4.49243E+11
51,2.43386E+11,2.19047E+11,1.94709E+11,1.7037E+11,1.46031E+11,1.21693E+11,97354333229,73015749921,48677166614,24338583307,0,0,0,0,0,0,0,0,0,0,0,0,0,0,0,0,0,0,0,0,0,0,0,0,0,0,0,0,0,0,0
52,0,0,0,0,0,0,0,0,0,0,0,0,0,0,0,0,0,0,0,0,0,0,0,0,0,0,0,0,0,0,0,0,0,0,0,0,0,0,0,0,0
53,0,0,0,0,0,0,0,0,0,0,0,0,0,0,0,0,0,0,0,0,0,0,0,0,0,0,0,0,0,0,0,0,0,0,0,0,0,0,0,0,0
54,3073823.432,2766441.089,2459058.746,2151676.403,1844294.059,1536911.716,1229529.373,922147.0297,614764.6864,307382.3432,0,0,0,0,0,0,0,0,0,0,0,0,0,0,0,0,0,0,0,0,0,0,0,0,0,0,0,0,0,0,0
55,0,0,0,0,0,0,0,0,0,0,0,0,0,0,0,0,0,0,0,0,0,0,0,0,0,0,0,0,0,0,0,0,0,0,0,0,0,0,0,0,0
56,1868426771,2290915770,2713404770,3135893770,3558382770,3980871769,4403360769,4825849769,5248338769,5670827768,6093316768,6107832631,6122348494,6136864357,6151380220,6165896082,6180411945,6194927808,6209443671,6223959534,6238475397,6314248775,6390022153,6465795531,6541568909,6617342288,6693115666,6768889044,6844662422,6920435800,6996209179,7071982557,7147755935,7223529313,7299302691,7375076070,7450849448,7526622826,7602396204,7678169582,7753942960
57,1.08252E+11,97426534973,86601364420,75776193868,64951023315,54125852763,43300682210,32475511658,21650341105,10825170553,0,621066.6981,1242133.396,1863200.094,2484266.792,3105333.49,3726400.188,4347466.887,4968533.585,5589600.283,6210666.981,6286102.594,6361538.207,6436973.821,6512409.434,6587845.047,6663280.661,6738716.274,6814151.888,6889587.501,6965023.114,7040458.728,7115894.341,7191329.954,7266765.568,7342201.181,7417636.794,7493072.408,7568508.021,7643943.634,7719379.248
58,0,0,0,0,0,0,0,0,0,0,0,0,0,0,0,0,0,0,0,0,0,0,0,0,0,0,0,0,0,0,0,0,0,0,0,0,0,0,0,0,0
59,0,0,0,0,0,0,0,0,0,0,0,0,0,0,0,0,0,0,0,0,0,0,0,0,0,0,0,0,0,0,0,0,0,0,0,0,0,0,0,0,0
60,1115090898,1003961701,892832503.6,781703306.6,670574109.6,559444912.5,448315715.5,337186518.5,226057321.5,114928124.5,3798927.446,4869203559,9734608190,14600012822,19465417453,24330822084,29196226716,34061631347,38927035978,43792440610,48657845241,49248850106,49839854971,50430859836,51021864701,51612869566,52203874430,52794879295,53385884160,53976889025,54567893890,55158898755,55749903620,56340908485,56931913350,57522918215,58113923080,58704927944,59295932809,59886937674,60477942539
61,0,0,0,0,0,0,0,0,0,0,0,0,0,0,0,0,0,0,0,0,0,0,0,0,0,0,0,0,0,0,0,0,0,0,0,0,0,0,0,0,0
62,0,0,0,0,0,0,0,0,0,0,0,0,0,0,0,0,0,0,0,0,0,0,0,0,0,0,0,0,0,0,0,0,0,0,0,0,0,0,0,0,0
63,0,2976292632,5952585264,8928877896,11905170528,14881463160,17857755792,20834048424,23810341056,26786633688,29762926320,26786633688,23810341056,20834048424,17857755792,14881463160,11905170528,8928877896,5952585264,2976292632,0,0,0,0,0,0,0,0,0,0,0,0,0,0,0,0,0,0,0,0,0
64,1860098.134,1674088.321,1488078.507,1302068.694,1116058.881,930049.0671,744039.2537,558029.4403,372019.6268,186009.8134,0,0,0,0,0,0,0,0,0,0,0,0,0,0,0,0,0,0,0,0,0,0,0,0,0,0,0,0,0,0,0
65,0,0,0,0,0,0,0,0,0,0,0,0,0,0,0,0,0,0,0,0,0,0,0,0,0,0,0,0,0,0,0,0,0,0,0,0,0,0,0,0,0
66,0,0,0,0,0,0,0,0,0,0,0,0,0,0,0,0,0,0,0,0,0,0,0,0,0,0,0,0,0,0,0,0,0,0,0,0,0,0,0,0,0
67,14573051084,13115745976,11658440867,10201135759,8743830651,7286525542,5829220434,4371915325,2914610217,1457305108,0,0,0,0,0,0,0,0,0,0,0,0,0,0,0,0,0,0,0,0,0,0,0,0,0,0,0,0,0,0,0
68,0,0,0,0,0,0,0,0,0,0,0,0,0,0,0,0,0,0,0,0,0,0,0,0,0,0,0,0,0,0,0,0,0,0,0,0,0,0,0,0,0
69,0,0,0,0,0,0,0,0,0,0,0,0,0,0,0,0,0,0,0,0,0,0,0,0,0,0,0,0,0,0,0,0,0,0,0,0,0,0,0,0,0
70,0,0,0,0,0,0,0,0,0,0,0,0,0,0,0,0,0,0,0,0,0,0,0,0,0,0,0,0,0,0,0,0,0,0,0,0,0,0,0,0,0
71,0,0,0,0,0,0,0,0,0,0,0,0,0,0,0,0,0,0,0,0,0,0,0,0,0,0,0,0,0,0,0,0,0,0,0,0,0,0,0,0,0
72,0,0,0,0,0,0,0,0,0,0,0,0,0,0,0,0,0,0,0,0,0,0,0,0,0,0,0,0,0,0,0,0,0,0,0,0,0,0,0,0,0
73,0,0,0,0,0,0,0,0,0,0,0,0,0,0,0,0,0,0,0,0,0,0,0,0,0,0,0,0,0,0,0,0,0,0,0,0,0,0,0,0,0
74,0,0,0,0,0,0,0,0,0,0,0,0,0,0,0,0,0,0,0,0,0,0,0,0,0,0,0,0,0,0,0,0,0,0,0,0,0,0,0,0,0
75,0,0,0,0,0,0,0,0,0,0,0,0,0,0,0,0,0,0,0,0,0,0,0,0,0,0,0,0,0,0,0,0,0,0,0,0,0,0,0,0,0
76,0,0,0,0,0,0,0,0,0,0,0,0,0,0,0,0,0,0,0,0,0,0,0,0,0,0,0,0,0,0,0,0,0,0,0,0,0,0,0,0,0
77,0,0,0,0,0,0,0,0,0,0,0,0,0,0,0,0,0,0,0,0,0,0,0,0,0,0,0,0,0,0,0,0,0,0,0,0,0,0,0,0,0
78,0,0,0,0,0,0,0,0,0,0,0,5579715635,11159431271,16739146906,22318862541,27898578177,33478293812,39058009447,44637725083,50217440718,55797156353,56474876271,57152596188,57830316105,58508036023,59185755940,59863475857,60541195775,61218915692,61896635609,62574355526,63252075444,63929795361,64607515278,65285235196,65962955113,66640675030,67318394948,67996114865,68673834782,69351554699
79,0,0,0,0,0,0,0,0,0,0,0,0,0,0,0,0,0,0,0,0,0,0,0,0,0,0,0,0,0,0,0,0,0,0,0,0,0,0,0,0,0
80,0,0,0,0,0,0,0,0,0,0,0,1171175.703,2342351.406,3513527.109,4684702.813,5855878.516,7027054.219,8198229.922,9369405.625,10540581.33,11711757.03,11854009.64,11996262.25,12138514.86,12280767.46,12423020.07,12565272.68,12707525.29,12849777.89,12992030.5,13134283.11,13276535.72,13418788.33,13561040.93,13703293.54,13845546.15,13987798.76,14130051.37,14272303.97,14414556.58,14556809.19
81,0,3412988482,6825976963,10238965445,13651953926,17064942408,20477930889,23890919371,27303907852,30716896334,34129884815,30716896334,27303907852,23890919371,20477930889,17064942408,13651953926,10238965445,6825976963,3412988482,0,0,0,0,0,0,0,0,0,0,0,0,0,0,0,0,0,0,0,0,0
82,0,0,0,0,0,0,0,0,0,0,0,0,0,0,0,0,0,0,0,0,0,0,0,0,0,0,0,0,0,0,0,0,0,0,0,0,0,0,0,0,0
83,0,716382.2399,1432764.48,2149146.72,2865528.959,3581911.199,4298293.439,5014675.679,5731057.919,6447440.159,7163822.399,6447440.159,5731057.919,5014675.679,4298293.439,3581911.199,2865528.959,2149146.72,1432764.48,716382.2399,0,0,0,0,0,0,0,0,0,0,0,0,0,0,0,0,0,0,0,0,0
84,0,0,0,0,0,0,0,0,0,0,0,0,0,0,0,0,0,0,0,0,0,0,0,0,0,0,0,0,0,0,0,0,0,0,0,0,0,0,0,0,0
85,16711278641,15040150777,13369022913,11697895049,10026767185,8355639321,6684511456,5013383592,3342255728,1671127864,0,0,0,0,0,0,0,0,0,0,0,0,0,0,0,0,0,0,0,0,0,0,0,0,0,0,0,0,0,0,0
86,0,0,0,0,0,0,0,0,0,0,0,0,0,0,0,0,0,0,0,0,0,0,0,0,0,0,0,0,0,0,0,0,0,0,0,0,0,0,0,0,0
87,3507677.594,3156909.834,2806142.075,2455374.316,2104606.556,1753838.797,1403071.037,1052303.278,701535.5187,350767.7594,0,0,0,0,0,0,0,0,0,0,0,0,0,0,0,0,0,0,0,0,0,0,0,0,0,0,0,0,0,0,0
88,0,0,0,0,0,0,0,0,0,0,0,0,0,0,0,0,0,0,0,0,0,0,0,0,0,0,0,0,0,0,0,0,0,0,0,0,0,0,0,0,0
89,0,0,0,0,0,0,0,0,0,0,0,0,0,0,0,0,0,0,0,0,0,0,0,0,0,0,0,0,0,0,0,0,0,0,0,0,0,0,0,0,0
90,0,0,0,0,0,0,0,0,0,0,0,0,0,0,0,0,0,0,0,0,0,0,0,0,0,0,0,0,0,0,0,0,0,0,0,0,0,0,0,0,0
91,0,0,0,0,0,0,0,0,0,0,0,0,0,0,0,0,0,0,0,0,0,0,0,0,0,0,0,0,0,0,0,0,0,0,0,0,0,0,0,0,0
92,0,0,0,0,0,0,0,0,0,0,0,0,0,0,0,0,0,0,0,0,0,0,0,0,0,0,0,0,0,0,0,0,0,0,0,0,0,0,0,0,0
93,0,0,0,0,0,0,0,0,0,0,0,0,0,0,0,0,0,0,0,0,0,0,0,0,0,0,0,0,0,0,0,0,0,0,0,0,0,0,0,0,0
94,0,0,0,0,0,0,0,0,0,0,0,585587.8507,1171175.701,1756763.552,2342351.403,2927939.254,3513527.104,4099114.955,4684702.806,5270290.657,5855878.507,5927004.811,5998131.115,6069257.419,6140383.723,6211510.027,6282636.33,6353762.634,6424888.938,6496015.242,6567141.546,6638267.85,6709394.154,6780520.457,6851646.761,6922773.065,6993899.369,7065025.673,7136151.977,7207278.281,7278404.585
95,0,0,0,0,0,0,0,0,0,0,0,0,0,0,0,0,0,0,0,0,0,0,0,0,0,0,0,0,0,0,0,0,0,0,0,0,0,0,0,0,0
96,0,0,0,0,0,0,0,0,0,0,0,1000166.366,2000332.732,3000499.098,4000665.464,5000831.829,6000998.195,7001164.561,8001330.927,9001497.293,10001663.66,10123145.24,10244626.82,10366108.4,10487589.98,10609071.55,10730553.13,10852034.71,10973516.29,11094997.87,11216479.45,11337961.03,11459442.61,11580924.19,11702405.77,11823887.35,11945368.93,12066850.51,12188332.08,12309813.66,12431295.24
97,0,358191.1199,716382.2399,1074573.36,1432764.48,1790955.6,2149146.72,2507337.84,2865528.959,3223720.079,3581911.199,3223720.079,2865528.959,2507337.84,2149146.72,1790955.6,1432764.48,1074573.36,716382.2399,358191.1199,0,0,0,0,0,0,0,0,0,0,0,0,0,0,0,0,0,0,0,0,0
98,0,0,0,0,0,0,0,0,0,0,0,1.5378E+11,3.07561E+11,4.61341E+11,6.15122E+11,7.68902E+11,9.22683E+11,1.07646E+12,1.23024E+12,1.38402E+12,1.5378E+12,1.55648E+12,1.57516E+12,1.59384E+12,1.61252E+12,1.6312E+12,1.64988E+12,1.66855E+12,1.68723E+12,1.70591E+12,1.72459E+12,1.74327E+12,1.76195E+12,1.78062E+12,1.7993E+12,1.81798E+12,1.83666E+12,1.85534E+12,1.87402E+12,1.89269E+12,1.91137E+12
99,0,611779.6156,1223559.231,1835338.847,2447118.462,3058898.078,3670677.694,4282457.309,4894236.925,5506016.541,6117796.156,5506016.541,4894236.925,4282457.309,3670677.694,3058898.078,2447118.462,1835338.847,1223559.231,611779.6156,0,0,0,0,0,0,0,0,0,0,0,0,0,0,0,0,0,0,0,0,0
100,0,0,0,0,0,0,0,0,0,0,0,0,0,0,0,0,0,0,0,0,0,0,0,0,0,0,0,0,0,0,0,0,0,0,0,0,0,0,0,0,0
150,7.13437E+11,7.87799E+11,8.62161E+11,9.36524E+11,1.01089E+12,1.08525E+12,1.15961E+12,1.23397E+12,1.30834E+12,1.3827E+12,1.45706E+12,1.39578E+12,1.3345E+12,1.27322E+12,1.21194E+12,1.15066E+12,1.08938E+12,1.02811E+12,9.66826E+11,9.05546E+11,8.44267E+11,8.54522E+11,8.64776E+11,8.75031E+11,8.85285E+11,8.9554E+11,9.05795E+11,9.16049E+11,9.26304E+11,9.36558E+11,9.46813E+11,9.57068E+11,9.67322E+11,9.77577E+11,9.87831E+11,9.98086E+11,1.00834E+12,1.0186E+12,1.02885E+12,1.0391E+12,1.04936E+12
200,1.68556E+11,1.91862E+11,2.15169E+11,2.38475E+11,2.61782E+11,2.85088E+11,3.08395E+11,3.31701E+11,3.55008E+11,3.78314E+11,4.0162E+11,4.27117E+11,4.52614E+11,4.78111E+11,5.03608E+11,5.29104E+11,5.54601E+11,5.80098E+11,6.05595E+11,6.31091E+11,6.56588E+11,6.64563E+11,6.72538E+11,6.80513E+11,6.88488E+11,6.96463E+11,7.04438E+11,7.12413E+11,7.20388E+11,7.28363E+11,7.36338E+11,7.44313E+11,7.52288E+11,7.60263E+11,7.68238E+11,7.76213E+11,7.84188E+11,7.92163E+11,8.00138E+11,8.08113E+11,8.16088E+11
250,28222293369,25426542263,22630791156,19835040050,17039288943,14243537837,11447786730,8652035624,5856284517,3060533411,264782304.1,281591942.1,298401580,315211218,332020856,348830494,365640132,382449769.9,399259407.9,416069045.9,432878683.9,438136487.8,443394291.7,448652095.6,453909899.5,459167703.3,464425507.2,469683311.1,474941115,480198918.9,485456722.8,490714526.7,495972330.6,501230134.5,506487938.4,511745742.3,517003546.2,522261350,527519153.9,532776957.8,538034761.7
300,0,0,0,0,0,0,0,0,0,0,0,0,0,0,0,0,0,0,0,0,0,0,0,0,0,0,0,0,0,0,0,0,0,0,0,0,0,0,0,0,0
350,0,3265717917,6531435833,9797153750,13062871666,16328589583,19594307499,22860025416,26125743332,29391461249,32657179165,4.33851E+11,8.35045E+11,1.23624E+12,1.63743E+12,2.03863E+12,2.43982E+12,2.84101E+12,3.24221E+12,3.6434E+12,4.04459E+12,4.09372E+12,4.14285E+12,4.19197E+12,4.2411E+12,4.29022E+12,4.33935E+12,4.38848E+12,4.4376E+12,4.48673E+12,4.53586E+12,4.58498E+12,4.63411E+12,4.68323E+12,4.73236E+12,4.78149E+12,4.83061E+12,4.87974E+12,4.92887E+12,4.97799E+12,5.02712E+12
400,1.21136E+12,1.33436E+12,1.45735E+12,1.58035E+12,1.70335E+12,1.82634E+12,1.94934E+12,2.07234E+12,2.19534E+12,2.31833E+12,2.44133E+12,2.1972E+12,1.95307E+12,1.70893E+12,1.4648E+12,1.22067E+12,9.76533E+11,7.32399E+11,4.88266E+11,2.44133E+11,0,0,0,0,0,0,0,0,0,0,0,0,0,0,0,0,0,0,0,0,0
450,0,0,0,0,0,0,0,0,0,0,0,0,0,0,0,0,0,0,0,0,0,0,0,0,0,0,0,0,0,0,0,0,0,0,0,0,0,0,0,0,0
500,3012116091,3326076890,3640037689,3953998488,4267959287,4581920086,4895880885,5209841683,5523802482,5837763281,6151724080,6542264736,6932805393,7323346049,7713886705,8104427361,8494968017,8885508673,9276049329,9666589985,10057130641,10179285930,10301441219,10423596507,10545751796,10667907085,10790062374,10912217662,11034372951,11156528240,11278683529,11400838817,11522994106,11645149395,11767304684,11889459973,12011615261,12133770550,12255925839,12378081128,12500236416
550,1.32819E+11,1.46663E+11,1.60507E+11,1.74351E+11,1.88195E+11,2.02039E+11,2.15883E+11,2.29727E+11,2.43571E+11,2.57415E+11,2.71259E+11,2.8848E+11,3.05701E+11,3.22921E+11,3.40142E+11,3.57363E+11,3.74584E+11,3.91805E+11,4.09026E+11,4.26246E+11,4.43467E+11,4.48854E+11,4.5424E+11,4.59626E+11,4.65013E+11,4.70399E+11,4.75786E+11,4.81172E+11,4.86558E+11,4.91945E+11,4.97331E+11,5.02718E+11,5.08104E+11,5.13491E+11,5.18877E+11,5.24263E+11,5.2965E+11,5.35036E+11,5.40423E+11,5.45809E+11,5.51195E+11
600,0,0,0,0,0,0,0,0,0,0,0,0,0,0,0,0,0,0,0,0,0,0,0,0,0,0,0,0,0,0,0,0,0,0,0,0,0,0,0,0,0
650,675704828.4,746135323.6,816565818.8,886996313.9,957426809.1,1027857304,1098287799,1168718295,1239148790,1309579285,1380009780,1467619354,1555228928,1642838502,1730448075,1818057649,1905667223,1993276797,2080886371,2168495944,2256105518,2283508485,2310911453,2338314420,2365717387,2393120354,2420523321,2447926289,2475329256,2502732223,2530135190,2557538157,2584941125,2612344092,2639747059,2667150026,2694552993,2721955961,2749358928,2776761895,2804164862
700,0,0,0,0,0,0,0,0,0,0,0,0,0,0,0,0,0,0,0,0,0,0,0,0,0,0,0,0,0,0,0,0,0,0,0,0,0,0,0,0,0
750,1.09641E+12,1.21069E+12,1.32497E+12,1.43925E+12,1.55353E+12,1.66781E+12,1.78209E+12,1.89638E+12,2.01066E+12,2.12494E+12,2.23922E+12,2.38138E+12,2.52353E+12,2.66569E+12,2.80785E+12,2.95E+12,3.09216E+12,3.23431E+12,3.37647E+12,3.51863E+12,3.66078E+12,3.70525E+12,3.74971E+12,3.79418E+12,3.83864E+12,3.88311E+12,3.92757E+12,3.97203E+12,4.0165E+12,4.06096E+12,4.10543E+12,4.14989E+12,4.19436E+12,4.23882E+12,4.28329E+12,4.32775E+12,4.37221E+12,4.41668E+12,4.46114E+12,4.50561E+12,4.55007E+12
800,427936.6657,472541.6326,517146.5996,561751.5666,606356.5336,650961.5005,695566.4675,740171.4345,784776.4015,829381.3685,873986.3354,984519.6088,1095052.882,1205586.155,1316119.429,1426652.702,1537185.975,1647719.249,1758252.522,1868785.795,1979319.069,2003360.15,2027401.231,2051442.312,2075483.393,2099524.474,2123565.555,2147606.636,2171647.717,2195688.798,2219729.879,2243770.96,2267812.041,2291853.122,2315894.203,2339935.284,2363976.365,2388017.446,2412058.527,2436099.608,2460140.689
850,164870.4675,182055.3511,199240.2347,216425.1183,233610.0019,250794.8855,267979.769,285164.6526,302349.5362,319534.4198,336719.3034,303047.3731,269375.4427,235703.5124,202031.582,168359.6517,134687.7214,101015.791,67343.86068,33671.93034,0,0,0,0,0,0,0,0,0,0,0,0,0,0,0,0,0,0,0,0,0
900,7.30938E+11,8.07126E+11,8.83313E+11,9.59501E+11,1.03569E+12,1.11188E+12,1.18806E+12,1.26425E+12,1.34044E+12,1.41663E+12,1.49281E+12,1.58758E+12,1.68236E+12,1.77713E+12,1.8719E+12,1.96667E+12,2.06144E+12,2.15621E+12,2.25098E+12,2.34575E+12,2.44052E+12,2.47017E+12,2.49981E+12,2.52945E+12,2.55909E+12,2.58874E+12,2.61838E+12,2.64802E+12,2.67767E+12,2.70731E+12,2.73695E+12,2.7666E+12,2.79624E+12,2.82588E+12,2.85552E+12,2.88517E+12,2.91481E+12,2.94445E+12,2.9741E+12,3.00374E+12,3.03338E+12
950,0,0,0,0,0,0,0,0,0,0,0,0,0,0,0,0,0,0,0,0,0,0,0,0,0,0,0,0,0,0,0,0,0,0,0,0,0,0,0,0,0
1000,0,0,0,0,0,0,0,0,0,0,0,0,0,0,0,0,0,0,0,0,0,0,0,0,0,0,0,0,0,0,0,0,0,0,0,0,0,0,0,0,0
1500,0,0,0,0,0,0,0,0,0,0,0,0,0,0,0,0,0,0,0,0,0,0,0,0,0,0,0,0,0,0,0,0,0,0,0,0,0,0,0,0,0
2000,1908585206,2107522073,2306458939,2505395805,2704332672,2903269538,3102206404,3301143271,3500080137,3699017003,3897953870,4145414491,4392875112,4640335733,4887796354,5135256975,5382717596,5630178217,5877638838,6125099459,6372560080,6449962070,6527364059,6604766048,6682168037,6759570026,6836972015,6914374005,6991775994,7069177983,7146579972,7223981961,7301383950,7378785939,7456187929,7533589918,7610991907,7688393896,7765795885,7843197874,7920599864
3000,3.09187E+11,3.41415E+11,3.73642E+11,4.0587E+11,4.38097E+11,4.70324E+11,5.02552E+11,5.34779E+11,5.67007E+11,5.99234E+11,6.31461E+11,6.7155E+11,7.11638E+11,7.51726E+11,7.91814E+11,8.31902E+11,8.71991E+11,9.12079E+11,9.52167E+11,9.92255E+11,1.03234E+12,1.04488E+12,1.05742E+12,1.06996E+12,1.0825E+12,1.09504E+12,1.10758E+12,1.12012E+12,1.13266E+12,1.14519E+12,1.15773E+12,1.17027E+12,1.18281E+12,1.19535E+12,1.20789E+12,1.22043E+12,1.23297E+12,1.24551E+12,1.25804E+12,1.27058E+12,1.28312E+12
5000,1.24972E+11,1.37998E+11,1.51024E+11,1.6405E+11,1.77077E+11,1.90103E+11,2.03129E+11,2.16155E+11,2.29181E+11,2.42207E+11,2.55233E+11,2.71437E+11,2.8764E+11,3.03844E+11,3.20047E+11,3.36251E+11,3.52454E+11,3.68657E+11,3.84861E+11,4.01064E+11,4.17268E+11,4.22336E+11,4.27404E+11,4.32472E+11,4.3754E+11,4.42609E+11,4.47677E+11,4.52745E+11,4.57813E+11,4.62881E+11,4.6795E+11,4.73018E+11,4.78086E+11,4.83154E+11,4.88222E+11,4.93291E+11,4.98359E+11,5.03427E+11,5.08495E+11,5.13563E+11,5.18632E+11
10000,423082454.7,467181454.1,511280453.4,555379452.8,599478452.1,643577451.5,687676450.8,731775450.2,775874449.5,819973448.8,864072448.2,918927870.3,973783292.3,1028638714,1083494136,1138349558,1193204981,1248060403,1302915825,1357771247,1412626669,1429784626,1446942583,1464100541,1481258498,1498416456,1515574413,1532732370,1549890328,1567048285,1584206242,1601364200,1618522157,1635680114,1652838072,1669996029,1687153986,1704311944,1721469901,1738627858,1755785816
100000,25735257065,28417710737,31100164410,33782618082,36465071755,39147525427,41829979099,44512432772,47194886444,49877340117,52559793789,55896539079,59233284369,62570029659,65906774949,69243520238,72580265528,75917010818,79253756108,82590501398,85927246688,86970930817,88014614945,89058299074,90101983203,91145667332,92189351461,93233035589,94276719718,95320403847,96364087976,97407772105,98451456234,99495140362,1.00539E+11,1.01583E+11,1.02626E+11,1.0367E+11,1.04714E+11,1.05757E+11,1.06801E+11
1000000,3.46352E+11,3.82453E+11,4.18554E+11,4.54655E+11,4.90756E+11,5.26858E+11,5.62959E+11,5.9906E+11,6.35161E+11,6.71262E+11,7.07363E+11,7.5227E+11,7.97177E+11,8.42084E+11,8.86991E+11,9.31897E+11,9.76804E+11,1.02171E+12,1.06662E+12,1.11152E+12,1.15643E+12,1.17048E+12,1.18452E+12,1.19857E+12,1.21262E+12,1.22666E+12,1.24071E+12,1.25475E+12,1.2688E+12,1.28285E+12,1.29689E+12,1.31094E+12,1.32499E+12,1.33903E+12,1.35308E+12,1.36712E+12,1.38117E+12,1.39522E+12,1.40926E+12,1.42331E+12,1.43735E+12
