Policies:,ngps - processing methane capture,ngps - T&D methane capture,,Unit: g CO2e,,,,,,,,,,,,,,,,,,,,,,,,,,,,,,,,,
Lower Bound,Upper Bound,2015,2016,2017,2018,2019,2020,2021,2022,2023,2024,2025,2026,2027,2028,2029,2030,2031,2032,2033,2034,2035,2036,2037,2038,2039,2040,2041,2042,2043,2044,2045,2046,2047,2048,2049,2050
-1150,-1100,0,0,0,0,0,0,0,0,0,0,0,0,0,0,0,0,0,0,0,0,0,0,0,0,0,0,0,0,0,0,0,0,0,0,0,0
-1100,-1050,0,0,0,0,0,0,0,0,0,0,0,0,0,0,0,0,0,0,0,0,0,0,0,0,0,0,0,0,0,0,0,0,0,0,0,0
-1050,-1000,0,0,0,0,0,0,0,0,0,0,0,0,0,0,0,0,0,0,0,0,0,0,0,0,0,0,0,0,0,0,0,0,0,0,0,0
-1000,-950,0,0,0,0,0,0,0,0,0,0,0,0,0,0,0,0,0,0,0,0,0,0,0,0,0,0,0,0,0,0,0,0,0,0,0,0
-950,-900,0,0,0,0,0,0,0,0,0,0,0,0,0,0,0,0,0,0,0,0,0,0,0,0,0,0,0,0,0,0,0,0,0,0,0,0
-900,-850,0,0,0,0,0,0,0,0,0,0,0,0,0,0,0,0,0,0,0,0,0,0,0,0,0,0,0,0,0,0,0,0,0,0,0,0
-850,-800,0,0,0,0,0,0,0,0,0,0,0,0,0,0,0,0,0,0,0,0,0,0,0,0,0,0,0,0,0,0,0,0,0,0,0,0
-800,-750,0,0,0,0,0,0,0,0,0,0,0,0,0,0,0,0,0,0,0,0,0,0,0,0,0,0,0,0,0,0,0,0,0,0,0,0
-750,-700,0,0,0,0,0,0,0,0,0,0,0,0,0,0,0,0,0,0,0,0,0,0,0,0,0,0,0,0,0,0,0,0,0,0,0,0
-700,-650,0,0,0,0,0,0,0,0,0,0,0,0,0,0,0,0,0,0,0,0,0,0,0,0,0,0,0,0,0,0,0,0,0,0,0,0
-650,-600,0,0,0,0,0,0,0,0,0,0,0,0,0,0,0,0,0,0,0,0,0,0,0,0,0,0,0,0,0,0,0,0,0,0,0,0
-600,-550,0,0,0,0,0,0,0,0,0,0,0,0,0,0,0,0,0,0,0,0,0,0,0,0,0,0,0,0,0,0,0,0,0,0,0,0
-550,-500,0,0,0,0,0,0,0,0,0,0,0,0,0,0,0,0,0,0,0,0,0,0,0,0,0,0,0,0,0,0,0,0,0,0,0,0
-500,-450,0,0,0,0,0,0,0,0,0,0,0,0,0,0,0,0,0,0,0,0,0,0,0,0,0,0,0,0,0,0,0,0,0,0,0,0
-450,-400,0,0,0,0,0,0,0,0,0,0,0,0,0,0,0,0,0,0,0,0,0,0,0,0,0,0,0,0,0,0,0,0,0,0,0,0
-400,-350,0,0,0,0,0,0,0,0,0,0,0,0,0,0,0,0,0,0,0,0,0,0,0,0,0,0,0,0,0,0,0,0,0,0,0,0
-350,-300,0,0,0,0,0,0,0,0,0,0,0,0,0,0,0,0,0,0,0,0,0,0,0,0,0,0,0,0,0,0,0,0,0,0,0,0
-300,-250,0,0,0,0,0,0,0,0,0,0,0,0,0,0,0,0,0,0,0,0,0,0,0,0,0,0,0,0,0,0,0,0,0,0,0,0
-250,-200,0,0,0,0,0,0,0,0,0,0,0,0,0,0,0,0,0,0,0,0,0,0,0,0,0,0,0,0,0,0,0,0,0,0,0,0
-200,-150,0,0,0,0,0,0,0,0,0,0,0,0,0,0,0,0,0,0,0,0,0,0,0,0,0,0,0,0,0,0,0,0,0,0,0,0
-150,-100,0,0,0,0,0,0,0,0,0,0,0,0,0,0,0,0,0,0,0,0,0,0,0,0,0,0,0,0,0,0,0,0,0,0,0,0
-100,-90,0,0,0,0,0,0,0,0,0,0,0,0,0,0,0,0,0,0,0,0,0,0,0,0,0,0,0,0,0,0,0,0,0,0,0,0
-90,-80,0,0,0,0,0,0,0,0,0,0,0,0,0,0,0,0,0,0,0,0,0,0,0,0,0,0,0,0,0,0,0,0,0,0,0,0
-80,-70,0,0,0,0,0,0,0,0,0,0,0,0,0,0,0,0,0,0,0,0,0,0,0,0,0,0,0,0,0,0,0,0,0,0,0,0
-70,-60,0,0,0,0,0,0,0,0,0,0,0,0,0,0,0,0,0,0,0,0,0,0,0,0,0,0,0,0,0,0,0,0,0,0,0,0
-60,-50,0,0,0,0,0,0,0,0,0,0,0,0,0,0,0,0,0,0,0,0,0,0,0,0,0,0,0,0,0,0,0,0,0,0,0,0
-50,-40,0,0,0,0,0,0,0,0,0,0,0,0,0,0,0,0,0,0,0,0,0,0,0,0,0,0,0,0,0,0,0,0,0,0,0,0
-40,-30,0,0,0,0,0,0,0,0,0,0,0,0,0,0,0,0,0,0,0,0,0,0,0,0,0,0,0,0,0,0,0,0,0,0,0,0
-30,-20,0,0,0,0,0,0,0,0,0,0,0,0,0,0,0,0,0,0,0,0,0,0,0,0,0,0,0,0,0,0,0,0,0,0,0,0
-20,-10,0,0,0,0,0,0,0,0,0,0,0,0,0,0,0,0,0,0,0,0,0,0,0,0,0,0,0,0,0,0,0,0,0,0,0,0
-10,0,1.193E+11,1.21155E+11,1.23009E+11,1.05342E+11,1.06906E+11,1.07181E+11,1.0828E+11,1.10458E+11,1.12636E+11,1.14814E+11,1.16992E+11,1.18747E+11,1.20503E+11,1.22258E+11,1.24013E+11,1.25768E+11,1.28048E+11,1.30328E+11,1.32608E+11,1.34887E+11,1.37167E+11,1.39318E+11,1.4147E+11,1.43621E+11,1.45772E+11,1.47923E+11,1.50074E+11,1.52224E+11,1.54375E+11,1.56525E+11,1.58676E+11,1.60929E+11,1.63182E+11,1.65435E+11,1.67688E+11,1.69941E+11
0,0,69685481787,0,0,0,0,0,0,0,0,0,0,0,0,0,0,0,0,0,0,0,0,0,0,0,0,0,0,0,0,0,0,0,0,0,0,1.22511E+11
0.1,10,26754292250,36726880312,46699468374,47811440595,56224825103,63869495927,64758048685,66289925563,67821802441,69353679319,70885556197,72165099913,73444643630,74724187346,76003731063,77283274779,78943073526,80602872273,82262671020,83922469767,85582268513,87946522414,90310776314,92675030214,95039284114,97403538014,99866539780,1.0233E+11,1.04793E+11,1.07256E+11,1.09719E+11,87774837474,65831128105,43887418737,21943709368,0
10,20,0,5883118629,11766237259,14889897838,19853197117,24521364762,24862506560,25450639276,26038771991,26626904707,27215037422,27706291182,28197544942,28688798702,29180052462,29671306222,30308551540,30945796858,31583042175,32220287493,32857532811,33765239167,34672945523,35580651879,36488358235,37396064592,38341682829,39287301066,40232919303,41178537540,42124155778,43106400934,44088646091,45070891247,46053136404,47035381560
20,30,8336831853,8441908836,8546985820,7299321972,7387970281,7387702466,5850631994,4387973995,2925315997,1462657998,0,0,0,0,0,0,0,0,0,0,0,0,0,0,0,0,0,0,0,0,0,0,0,0,0,0
30,40,0,0,0,0,0,0,0,0,0,0,0,0,0,0,0,0,0,0,0,0,0,0,0,0,0,0,0,0,0,0,0,0,0,0,0,0
40,50,0,0,0,0,0,0,1521478397,3042956794,4564435192,6085913589,7607391986,6085913589,4564435192,3042956794,1521478397,0,0,0,0,0,0,0,0,0,0,0,0,0,0,0,0,0,0,0,0,0
50,60,0,0,0,0,0,0,0,0,0,0,0,1551852834,3103705669,4655558503,6207411338,7759264172,7826257437,7893250702,7960243967,8027237233,8094230498,6475384398,4856538299,3237692199,1618846100,0,1872686819,3745373637,5618060456,7490747275,9363434094,9496382704,9629331314,9762279925,9895228535,10028177146
60,70,0,0,0,0,0,0,0,0,0,0,0,0,0,0,0,0,0,0,0,0,0,1745787892,3491575785,5237363677,6983151570,8728939462,6983151570,5237363677,3491575785,1745787892,0,0,0,0,0,0
70,80,0,0,0,0,0,0,0,0,0,0,0,0,0,0,0,0,0,0,0,0,0,0,0,0,0,0,0,0,0,0,0,0,0,0,0,0
80,90,0,0,0,0,0,0,0,0,0,0,0,0,0,0,0,0,0,0,0,0,0,0,0,0,0,0,0,0,0,0,0,0,0,0,0,0
90,100,0,0,0,0,0,0,0,0,0,0,0,0,0,0,0,0,0,0,0,0,0,0,0,0,0,0,0,0,0,0,0,0,0,0,0,0
100,150,0,0,0,0,0,0,0,0,0,0,0,0,0,0,0,0,0,0,0,0,0,0,0,0,0,0,0,0,0,0,0,0,0,0,0,0
150,200,0,0,0,0,0,0,0,0,0,0,0,0,0,0,0,0,0,0,0,0,0,0,0,0,0,0,0,0,0,0,0,0,0,0,0,0
200,250,1913281037,1974241106,2035201175,1768428660,1819857687,1849032328,1464326392,1098244794,732163195.8,366081597.9,0,0,0,0,0,0,0,0,0,0,0,0,0,0,0,0,0,0,0,0,0,418695942.5,837391884.9,1256087827,1674783770,2093479712
250,300,0,0,0,0,0,0,192511834.6,385023669.2,577535503.8,770047338.4,962559173,994177577.6,1025795982,1057414387,1089032791,1120651196,1158071511,1195491826,1232912142,1270332457,1307752772,1356916461,1406080150,1455243839,1504407528,1553571217,1605596825,1657622433,1709648041,1761673650,1813699258,1450959406,1088219555,725479703.2,362739851.6,0
300,350,0,0,0,0,0,0,235240019.7,470480039.3,705720059,940960078.7,1176200098,940960078.7,705720059,470480039.3,235240019.7,0,0,0,0,0,0,0,0,0,0,0,0,0,0,0,0,416650229.6,833300459.3,1249950689,1666600919,2083251148
350,400,0,0,0,0,0,0,0,0,0,0,0,257965801.1,515931602.2,773897403.3,1031863204,1289829006,1318931350,1348033693,1377136037,1406238381,1435340725,1476360491,1517380258,1558400024,1599419790,1640439556,1683257433,1726075311,1768893189,1811711066,1854528944,1483623155,1112717366,741811577.5,370905788.8,0
400,450,0,0,0,0,0,0,0,0,0,0,0,0,0,0,0,0,0,0,0,0,0,0,0,0,0,0,0,0,0,0,0,0,0,0,0,0
450,500,0,32624313.14,65248626.28,82570609.28,110094145.7,135981055.8,107689111.6,80766833.73,53844555.82,26922277.91,0,0,0,0,0,0,0,0,0,0,0,0,0,0,0,0,0,0,0,0,0,0,0,0,0,0
500,550,146224463.8,116979571.1,87734678.29,49344969.67,24672484.84,0,0,0,0,0,0,0,0,0,0,0,0,0,0,0,0,0,0,0,0,0,0,0,0,0,0,0,0,0,0,0
550,600,0,0,0,0,0,0,0,0,0,0,0,0,0,0,0,0,0,0,0,0,0,0,0,0,0,0,0,0,0,0,0,0,0,0,0,0
600,650,0,0,0,0,0,0,0,0,0,0,0,0,0,0,0,0,0,0,0,0,0,0,0,0,0,0,0,0,0,0,0,0,0,0,0,0
650,700,0,0,0,0,0,0,30539573.75,61079147.5,91618721.25,122158295,152697868.8,122158295,91618721.25,61079147.5,30539573.75,0,0,0,0,0,0,0,0,0,0,0,0,0,0,0,0,0,0,0,0,0
700,750,0,0,0,0,0,0,0,0,0,0,0,0,0,0,0,0,0,0,0,0,0,0,0,0,0,0,0,0,0,0,0,54862661.85,109725323.7,164587985.6,219450647.4,274313309.3
750,800,0,0,0,0,0,0,0,0,0,0,0,33619209.33,67238418.65,100857628,134476837.3,168096046.6,134476837.3,100857628,67238418.65,33619209.33,0,43012638.23,86025276.47,129037914.7,172050552.9,215063191.2,220790612.6,226518034,232245455.4,237972876.7,243700298.1,194960238.5,146220178.9,97480119.26,48740059.63,0
800,850,0,234689116.5,469378233,593987167,791982889.4,978205233.2,774681825.7,581011369.3,387340912.8,193670456.4,0,0,0,0,0,0,37532460.4,75064920.81,112597381.2,150129841.6,187662302,150129841.6,112597381.2,75064920.81,37532460.4,0,0,0,0,0,0,0,0,0,0,0
850,900,0,0,0,0,0,0,0,0,0,0,0,0,0,0,0,0,0,0,0,0,0,0,0,0,0,0,0,0,0,0,0,0,0,0,0,0
900,950,0,0,0,0,0,0,0,0,0,0,0,0,0,0,0,0,0,0,0,0,0,0,0,0,0,0,0,0,0,0,0,0,0,0,0,0
950,1000,0,0,0,0,0,0,0,0,0,0,0,0,0,0,0,0,0,0,0,0,0,0,0,0,0,0,0,0,0,0,0,514109862.5,1028219725,1542329587,2056439450,2570549312
1000,1050,951568046.6,761254437.3,570940828,321116557.2,160558278.6,0,0,0,0,0,0,0,0,0,0,0,0,0,0,0,0,0,0,0,0,0,0,0,0,0,0,0,0,0,0,0
1050,1100,0,0,0,0,0,0,236382114.7,472764229.3,709146344,945528458.6,1181910573,945528458.6,709146344,472764229.3,236382114.7,0,0,0,0,0,0,0,0,0,0,0,445402282.1,890804564.1,1336206846,1781609128,2227011410,1781609128,1336206846,890804564.1,445402282.1,0
1100,1150,0,0,0,0,0,0,0,0,0,0,0,0,0,0,0,0,0,0,0,0,0,381520926.1,763041852.2,1144562778,1526083704,1907604630,1526083704,1144562778,763041852.2,381520926.1,0,0,0,0,0,0
1150,1200,0,0,0,0,0,0,0,0,0,0,0,0,0,0,0,0,321153632.4,642307264.8,963460897.1,1284614530,1605768162,1284614530,963460897.1,642307264.8,321153632.4,0,0,0,0,0,0,0,0,0,0,0
1200,1250,0,0,0,0,0,0,0,0,0,0,0,275205833.9,550411667.8,825617501.7,1100823336,1376029170,1100823336,825617501.7,550411667.8,275205833.9,0,0,0,0,0,0,0,0,0,0,0,0,0,0,0,0
1250,1300,0,0,0,0,0,0,0,0,0,0,0,0,0,0,0,0,0,0,0,0,0,0,0,0,0,0,0,0,0,0,0,0,0,0,0,0
1300,1350,0,0,0,0,0,0,0,0,0,0,0,0,0,0,0,0,0,0,0,0,0,0,0,0,0,0,0,0,0,0,0,0,0,0,0,0
1350,1400,60025072098,48020057678,36015043259,20256086327,10128043164,0,0,0,0,0,0,0,0,0,0,0,0,0,0,0,0,0,0,0,0,0,0,0,0,0,0,0,0,0,0,0
1400,1450,0,0,0,0,0,0,0,0,0,0,0,0,0,0,0,0,0,0,0,0,0,0,0,0,0,0,0,0,0,0,0,0,0,0,0,0
1450,1500,0,0,0,0,0,0,0,0,0,0,0,0,0,0,0,0,0,0,0,0,0,0,0,0,0,0,0,0,0,0,0,0,0,0,0,0
1500,1550,0,12470626712,24941253424,31562572405,42083429874,51978687781,52118729555,52782325541,53445921527,54109517512,54773113498,54991809721,55210505944,55429202167,55647898390,55866594613,44693275691,33519956768,22346637845,11173318923,0,0,0,0,0,0,0,0,0,0,0,0,0,0,0,0
1550,1600,1.0528E+11,1.06102E+11,1.06925E+11,90900713070,91594392642,91190530922,91440788768,92609561270,93778333773,94947106276,96115878778,96504887602,96893896426,97282905249,97671914073,98060922897,1.10568E+11,1.23076E+11,1.35584E+11,1.48091E+11,1.60599E+11,1.63123E+11,1.65647E+11,1.68171E+11,1.70695E+11,1.73219E+11,1.75743E+11,1.78267E+11,1.8079E+11,1.83314E+11,1.85838E+11,1.88482E+11,1.91127E+11,1.93771E+11,1.96415E+11,1.9906E+11
